,BN_cooler [MHz],PhotoEm [V]
0,1030,2.2589703454310754
1,1033,1.9100738521117175
2,1036,1.5620918069016805
3,1039,1.2628033545646022
4,1045,0.8271088128091121
5,1048,0.6791564030984881
6,1051,0.5609532531861332
7,1054,0.4777331789274339
8,1057,0.4168305442466162
