,BN_cooler [MHz],PhotoEm [V]
0,1030,0.5677609643317013
1,1033,0.47571026724602206
2,1036,0.3960900740336597
3,1039,0.3132977292705018
4,1045,0.20446504193206852
5,1048,0.16681607044920438
6,1051,0.1362147962068543
7,1054,0.11825074659302323
8,1057,0.10174811565973071
